id,original_id,network_type,M_E,M_V,E/V,mean_k_E,mean_k_V,rho_L,Q,NODF
network_001,AN_1,bacteria.phage,4,10,0.4,5.5,2.2,0.55,0.305785,0.3372549019607843
network_002,AN_2,host.parasite,19,7,2.7142857142857144,3.263157894736842,8.857142857142858,0.4661654135338345,0.216831,0.5009108946608947
network_003,AN_3,host.parasite,10,7,1.4285714285714286,1.6,2.2857142857142856,0.2285714285714285,0.458984,0.1590909090909091
network_004,AN_4,plant.herbivor,22,52,0.4230769230769231,8.363636363636363,3.5384615384615383,0.1608391608391608,0.415392,0.3040649709243158
network_005,AN_5,host.parasite,18,46,0.391304347826087,10.444444444444445,4.086956521739131,0.2270531400966183,0.326236,0.6187609049667131
network_006,AN_6,host.parasite,6,24,0.25,9.833333333333334,2.4583333333333335,0.4097222222222222,0.208848,0.6530392197782323
network_007,AN_7,bacteria.phage,12,25,0.48,12.166666666666666,5.84,0.4866666666666667,0.196191,0.6449421480159185
network_008,AN_8,bacteria.phage,6,7,0.8571428571428571,4.166666666666667,3.5714285714285716,0.5952380952380952,0.2072,0.5717592592592592
network_009,AN_9,predator.prey,8,16,0.5,8.125,4.0625,0.5078125,0.161893,0.8211199836199836
network_010,AN_10,host.parasite,42,37,1.135135135135135,1.6666666666666667,1.891891891891892,0.045045045045045,0.825816,0.0506439641999563
network_011,AN_11,host.parasite,7,6,1.1666666666666667,1.0,1.1666666666666667,0.1666666666666666,0.816327,0.0
network_012,AN_12,bacteria.phage,3,17,0.1764705882352941,10.0,1.7647058823529411,0.5882352941176471,0.126667,0.5323741007194245
network_013,AN_13,bacteria.phage,5,5,1.0,2.8,2.8,0.56,0.196429,0.6833333333333333
network_014,AN_14,bacteria.phage,8,16,0.5,6.75,3.375,0.421875,0.245713,0.7477316602316603
network_015,AN_15,bacteria.phage,4,9,0.4444444444444444,4.25,1.8888888888888888,0.4722222222222222,0.262976,0.1904761904761904
network_016,AN_16,bacteria.phage,12,4,3.0,2.4166666666666665,7.25,0.6041666666666666,0.192628,0.4722222222222222
network_017,AN_17,host.parasite,200,39,5.128205128205129,2.335,11.974358974358974,0.0598717948717948,0.54868,0.0784378907889787
network_018,AN_18,host.parasite,139,38,3.6578947368421058,1.5179856115107917,5.552631578947368,0.0399469897765997,0.778779,0.033758569485692
network_019,AN_19,host.parasite,32,10,3.2,2.25,7.2,0.225,0.437114,0.2623272599243024
network_020,AN_20,host.parasite,8,8,1.0,2.375,2.375,0.296875,0.372576,0.3303571428571428
network_021,AN_21,bacteria.phage,13,23,0.5652173913043478,11.692307692307692,6.608695652173913,0.5083612040133779,0.160535,0.7172946724306242
network_022,AN_22,bacteria.phage,16,17,0.9411764705882352,7.375,6.9411764705882355,0.4338235294117647,0.213983,0.6871943486201298
network_023,AN_23,host.parasite,28,10,2.8,2.9285714285714284,8.2,0.2928571428571428,0.289337,0.3785460992907801
network_024,AN_24,host.parasite,6,10,0.6,3.6666666666666665,2.2,0.3666666666666666,0.23657,0.35
network_025,AN_25,bacteria.phage,17,5,3.4,2.2941176470588234,7.8,0.4588235294117647,0.260026,0.5080995868667102
network_026,AN_26,host.parasite,16,6,2.6666666666666665,1.625,4.333333333333333,0.2708333333333333,0.471154,0.3406172839506173
network_027,AN_27,host.parasite,5,3,1.6666666666666667,1.0,1.6666666666666667,0.3333333333333333,0.64,0.0
network_028,AN_28,bacteria.phage,9,11,0.8181818181818182,4.555555555555555,3.727272727272727,0.4141414141414141,0.235574,0.282051282051282
network_029,AN_29,bacteria.phage,12,12,1.0,3.0833333333333335,3.0833333333333335,0.2569444444444444,0.468955,0.2196969696969697
network_030,AN_30,bacteria.phage,5,4,1.25,1.8,2.25,0.45,0.271605,0.4375
network_031,AN_31,bacteria.phage,2,49,0.0408163265306122,30.0,1.2244897959183674,0.6122448979591837,0.299861,0.3556320708312838
network_032,AN_32,host.parasite,52,19,2.736842105263158,1.75,4.7894736842105265,0.0921052631578947,0.619792,0.1010218850399211
network_033,AN_33,host.parasite,33,20,1.65,1.5151515151515151,2.5,0.0757575757575757,0.7532,0.0687093779015784
network_034,AN_34,predator.prey,17,10,1.7,6.529411764705882,11.1,0.6529411764705882,0.151652,0.6163683002080792
network_035,AN_35,host.parasite,21,12,1.75,1.4761904761904765,2.5833333333333335,0.123015873015873,0.637877,0.1422101449275362
network_036,AN_36,host.parasite,13,10,1.3,1.5384615384615383,2.0,0.1538461538461538,0.675,0.1585365853658536
network_037,AN_37,bacteria.phage,46,22,2.090909090909091,9.08695652173913,19.0,0.4130434782608695,0.184419,0.6221540571062506
network_038,AN_38,bacteria.phage,12,31,0.3870967741935484,28.833333333333332,11.161290322580646,0.9301075268817204,0.033408,0.6409908735332465
network_039,AN_39,bacteria.phage,10,10,1.0,7.3,7.3,0.73,0.106305,0.7513888888888889
network_040,AN_40,bacteria.phage,3,11,0.2727272727272727,11.0,3.0,1.0,0.0,0.0
network_041,AN_41,host.parasite,218,90,2.422222222222222,4.206422018348624,10.188888888888888,0.0467380224260958,0.421543,0.1522723800433632
network_042,AN_42,host.parasite,90,56,1.6071428571428572,2.2222222222222223,3.5714285714285716,0.0396825396825396,0.657275,0.095995306667083
network_043,AN_43,host.parasite,203,73,2.780821917808219,3.8078817733990142,10.58904109589041,0.0521627640191645,0.449414,0.1373106858141873
network_044,AN_44,host.parasite,99,60,1.65,2.0505050505050506,3.3833333333333333,0.0341750841750841,0.706181,0.0579306343692388
network_045,AN_45,host.parasite,103,44,2.340909090909091,2.0,4.681818181818182,0.0454545454545454,0.632953,0.105351753335299
network_046,AN_46,host.parasite,17,16,1.0625,2.0,2.125,0.125,0.641003,0.1389973958333333
network_047,AN_47,host.parasite,159,58,2.7413793103448274,2.6666666666666665,7.310344827586207,0.0459770114942528,0.538109,0.1184497421112212
network_048,AN_48,host.parasite,101,51,1.9803921568627452,1.7623762376237624,3.4901960784313726,0.0345563968161522,0.721847,0.0652797939873038
network_049,AN_49,host.parasite,29,12,2.4166666666666665,1.3103448275862069,3.1666666666666665,0.1091954022988505,0.640928,0.1646068738229755
network_050,AN_50,host.parasite,129,35,3.6857142857142855,2.4263565891472867,8.942857142857143,0.0693244739756367,0.530688,0.1308496012801608
network_051,AN_51,host.parasite,46,24,1.9166666666666667,1.4782608695652173,2.8333333333333335,0.0615942028985507,0.786332,0.0639642584722676
network_052,AN_52,bacteria.phage,9,33,0.2727272727272727,11.0,3.0,0.3333333333333333,0.309254,0.4506873002883641
network_053,AN_53,host.parasite,11,8,1.375,2.0,2.75,0.25,0.482438,0.321285140562249
network_054,AN_54,host.parasite,3,7,0.4285714285714285,3.6666666666666665,1.5714285714285714,0.5238095238095238,0.243802,0.5833333333333334
network_055,AN_55,host.parasite,12,11,1.0909090909090908,3.0833333333333335,3.363636363636364,0.2803030303030303,0.322133,0.5578512396694215
network_056,AN_56,host.parasite,8,8,1.0,1.625,1.625,0.203125,0.591716,0.1785714285714285
network_057,AN_57,plant.herbivor,24,54,0.4444444444444444,7.208333333333333,3.2037037037037037,0.1334876543209876,0.407732,0.3116991862107131
network_058,AN_58,host.parasite,39,14,2.7857142857142856,2.4615384615384617,6.857142857142857,0.1758241758241758,0.416504,0.27577992920541
network_059,AN_59,host.parasite,12,9,1.3333333333333333,1.5,2.0,0.1666666666666666,0.736111,0.1323529411764706
network_060,AN_60,bacteria.phage,6,5,1.2,3.0,3.6,0.6,0.162037,0.68
network_061,AN_61,host.parasite,62,44,1.4090909090909092,1.6774193548387095,2.363636363636364,0.0381231671554252,0.799834,0.0476520581208631
network_062,AN_62,host.parasite,31,18,1.7222222222222223,1.3548387096774193,2.3333333333333335,0.075268817204301,0.794785,0.0523732470334412
network_063,AN_63,host.parasite,75,36,2.0833333333333335,2.32,4.833333333333333,0.0644444444444444,0.60941,0.1096922444499537
network_064,AN_64,host.parasite,51,45,1.1333333333333333,2.07843137254902,2.3555555555555556,0.0461873638344226,0.75663,0.0738580538911664
network_065,AN_65,bacteria.phage,26,24,1.0833333333333333,12.076923076923077,13.083333333333334,0.5032051282051282,0.203411,0.92816506027129
network_066,AN_66,bacteria.phage,24,11,2.1818181818181817,8.416666666666666,18.363636363636363,0.7651515151515151,0.071255,0.5498489425981873
network_067,AN_67,bacteria.phage,14,18,0.7777777777777778,5.0,3.888888888888889,0.2777777777777778,0.409796,0.1947404371584699
network_068,AN_68,bacteria.phage,4,7,0.5714285714285714,5.25,3.0,0.75,0.122449,0.7425925925925926
network_069,AN_69,predator.prey,5,22,0.2272727272727272,17.6,4.0,0.8,0.071346,0.6199120727129027
network_070,AN_70,bacteria.phage,4,88,0.0454545454545454,80.5,3.659090909090909,0.9147727272727272,0.030265,0.3672259896829536
network_071,AN_71,host.parasite,42,17,2.4705882352941178,3.1666666666666665,7.823529411764706,0.1862745098039215,0.418989,0.3027529725373256
network_072,AN_72,host.parasite,11,12,0.9166666666666666,2.272727272727273,2.0833333333333335,0.1893939393939394,0.5736,0.2410468319559228
network_073,AN_73,bacteria.phage,5,93,0.053763440860215,53.4,2.870967741935484,0.5741935483870968,0.177229,0.5933666311021484
network_074,AN_74,host.parasite,181,55,3.290909090909091,1.7348066298342542,5.709090909090909,0.0315419387242591,0.667786,0.0525607344724991
network_075,AN_75,host.parasite,130,40,3.25,1.2153846153846153,3.95,0.0303846153846153,0.833821,0.0282978723404255
network_076,AN_76,bacteria.phage,23,24,0.9583333333333334,4.6521739130434785,4.458333333333333,0.1938405797101449,0.374094,0.3195074564167192
network_077,AN_77,plant.herbivor,32,10,3.2,1.4375,4.6,0.14375,0.596408,0.1709796672828096
network_078,AN_78,plant.herbivor,94,204,0.4607843137254901,2.627659574468085,1.21078431372549,0.012880684188569,0.692758,0.0028405843335858
network_079,AN_79,plant.herbivor,35,42,0.8333333333333334,2.2,1.8333333333333333,0.0523809523809523,0.72314,0.0666617608581894
network_080,AN_80,plant.herbivor,87,50,1.74,1.103448275862069,1.92,0.0220689655172413,0.948568,0.0065109410659148
network_081,AN_81,plant.herbivor,25,26,0.9615384615384616,1.88,1.8076923076923077,0.0723076923076923,0.809642,0.0272
network_082,AN_82,predator.prey,30,21,1.4285714285714286,3.6666666666666665,5.238095238095238,0.1746031746031746,0.32657,0.4897306070835482
network_083,AN_83,predator.prey,37,15,2.466666666666667,2.5135135135135136,6.2,0.1675675675675675,0.400335,0.3464966507768064
network_084,AN_84,plant.herbivor,30,53,0.5660377358490566,2.4,1.3584905660377358,0.0452830188679245,0.820602,0.0180639823496966
network_085,AN_85,plant.herbivor,34,81,0.419753086419753,4.823529411764706,2.0246913580246915,0.0595497458242556,0.639723,0.1335831536699729
network_086,AN_86,plant.herbivor,16,10,1.6,1.1875,1.9,0.11875,0.763158,0.0424242424242424
network_087,AN_87,plant.herbivor,17,10,1.7,1.1176470588235294,1.9,0.1117647058823529,0.813019,0.0276243093922651
network_088,AN_88,plant.herbivor,14,43,0.3255813953488372,12.857142857142858,4.186046511627907,0.2990033222591362,0.272176,0.6931308394528893
network_089,AN_89,plant.herbivor,13,38,0.3421052631578947,4.153846153846154,1.4210526315789471,0.1093117408906882,0.58299,0.2184114789748592
network_090,AN_90,plant.herbivor,49,40,1.225,2.020408163265306,2.475,0.0505102040816326,0.69748,0.0741430519037881
network_091,AN_91,plant.herbivor,27,29,0.9310344827586208,1.0740740740740742,1.0,0.037037037037037,0.960761,0.0
network_092,AN_92,plant.herbivor,24,53,0.4528301886792453,3.25,1.471698113207547,0.0613207547169811,0.631082,0.0715178211550642
network_093,AN_93,plant.herbivor,26,49,0.5306122448979592,2.923076923076923,1.5510204081632653,0.0596546310832025,0.661184,0.0806795469686875
network_094,AN_94,plant.herbivor,110,98,1.1224489795918366,1.4545454545454546,1.6326530612244898,0.0148423005565862,0.954375,0.0080169954099987
network_095,AN_95,bacteria.phage,11,20,0.55,8.090909090909092,4.45,0.4045454545454545,0.371481,0.4175121477162293
network_096,AN_96,predator.prey,4,18,0.2222222222222222,12.0,2.6666666666666665,0.6666666666666666,0.159939,0.7406708595387841
network_097,AN_97,host.parasite,61,48,1.2708333333333333,6.163934426229508,7.833333333333333,0.1284153005464481,0.340026,0.4391756686048992
network_098,AN_98,host.parasite,28,31,0.9032258064516128,4.071428571428571,3.6774193548387095,0.1313364055299539,0.384926,0.4757406565048446
network_099,AN_99,host.parasite,73,52,1.4038461538461535,5.328767123287672,7.480769230769231,0.1024762908324552,0.422978,0.2851107345004069
network_100,AN_100,host.parasite,25,31,0.8064516129032258,3.2,2.5806451612903225,0.1032258064516129,0.468281,0.350151522597343
network_101,AN_101,bacteria.phage,14,15,0.9333333333333332,5.0,4.666666666666667,0.3333333333333333,0.324898,0.6181972789115646
network_102,AN_102,host.parasite,97,33,2.939393939393939,3.2577319587628866,9.575757575757576,0.098719150265542,0.492029,0.2015684915869948
network_103,AN_103,bacteria.phage,6,10,0.6,5.166666666666667,3.1,0.5166666666666667,0.212799,0.8791666666666667
network_104,AN_104,host.parasite,18,6,3.0,2.3333333333333335,7.0,0.3888888888888889,0.276361,0.3318452380952381
network_105,AN_105,host.parasite,7,6,1.1666666666666667,1.5714285714285714,1.8333333333333333,0.2619047619047619,0.557851,0.2083333333333333
network_106,AN_106,bacteria.phage,22,24,0.9166666666666666,15.818181818181818,14.5,0.6590909090909091,0.159528,0.8570980753176148
network_107,AN_107,host.parasite,50,25,2.0,1.94,3.88,0.0776,0.589011,0.1420982187211695
network_108,AN_108,host.parasite,2,3,0.6666666666666666,1.5,1.0,0.5,0.444444,0.0
network_109,AN_109,bacteria.phage,44,20,2.2,3.363636363636364,7.4,0.1681818181818181,0.391504,0.2339607624378751
network_110,AN_110,bacteria.phage,7,6,1.1666666666666667,1.5714285714285714,1.8333333333333333,0.2619047619047619,0.471074,0.2916666666666667
network_111,AN_111,bacteria.phage,16,16,1.0,12.9375,12.9375,0.80859375,0.062767,0.7063013375513376
network_112,AN_112,host.parasite,158,76,2.0789473684210527,2.689873417721519,5.592105263157895,0.0353930712858094,0.560927,0.1133343695483351
network_113,AN_113,host.parasite,57,38,1.5,1.719298245614035,2.5789473684210527,0.0452446906740535,0.799927,0.0459992957600613
network_114,AN_114,host.parasite,32,13,2.4615384615384617,3.21875,7.923076923076923,0.2475961538461538,0.305448,0.3550750788120126
network_115,AN_115,host.parasite,8,13,0.6153846153846154,3.625,2.230769230769231,0.2788461538461538,0.243757,0.5698970840480274
network_116,AN_116,bacteria.phage,7,8,0.875,1.5714285714285714,1.375,0.1964285714285714,0.615702,0.1428571428571428
network_117,AN_117,bacteria.phage,22,59,0.3728813559322034,14.454545454545457,5.389830508474576,0.2449922958397534,0.20464,0.7014105264642312
network_118,AN_118,host.parasite,101,30,3.3666666666666667,3.0396039603960396,10.233333333333333,0.1013201320132013,0.439076,0.1737039978418378
network_119,AN_119,host.parasite,43,30,1.4333333333333331,1.7906976744186047,2.566666666666667,0.0596899224806201,0.730309,0.0709392127553562
network_120,AN_120,host.parasite,5,6,0.8333333333333334,1.8,1.5,0.3,0.462963,0.38
network_121,AN_121,host.parasite,15,7,2.142857142857143,1.4666666666666666,3.142857142857143,0.2095238095238095,0.517562,0.1607142857142857
network_122,AN_122,bacteria.phage,27,17,1.588235294117647,1.8148148148148149,2.8823529411764706,0.1067538126361655,0.678467,0.1290212183436002
